{
  "region": "HKG",
  "timestamp": "2025-08-23T23:07:15.978366",
  "alpha_count": 8,
  "mds_coords": {
    "mjaKM65": {
      "x": -0.03631610979882158,
      "y": 0.5345846262869715
    },
    "xplEKlw": {
      "x": 0.5282008100707494,
      "y": 0.42761869933185503
    },
    "6lMpbMp": {
      "x": 0.02410881044441849,
      "y": 0.32610475434056535
    },
    "zkdNpa1": {
      "x": 0.3025075026181283,
      "y": -0.11079755759633796
    },
    "g8kpAAv": {
      "x": 0.050615688271724926,
      "y": -0.2990840068875197
    },
    "V3rN6LV": {
      "x": -0.2783176516174441,
      "y": -0.4052719580212809
    },
    "waKPxV5": {
      "x": -0.053555261738272276,
      "y": -0.49936498159431225
    },
    "R1pNW3j": {
      "x": -0.537243788250483,
      "y": 0.026210424140058818
    }
  },
  "tsne_coords": {
    "mjaKM65": {
      "x": 106.29545593261719,
      "y": -5.730093955993652
    },
    "xplEKlw": {
      "x": -50.76263427734375,
      "y": -66.14806365966797
    },
    "6lMpbMp": {
      "x": 71.21410369873047,
      "y": 41.86664581298828
    },
    "zkdNpa1": {
      "x": 24.846134185791016,
      "y": -87.42477416992188
    },
    "g8kpAAv": {
      "x": 1.402774691581726,
      "y": -21.995784759521484
    },
    "V3rN6LV": {
      "x": -122.04761505126953,
      "y": 19.839181900024414
    },
    "waKPxV5": {
      "x": -98.09918975830078,
      "y": 76.06802368164062
    },
    "R1pNW3j": {
      "x": -49.6406135559082,
      "y": 0.38211557269096375
    }
  },
  "umap_coords": {
    "mjaKM65": {
      "x": -0.09989748150110245,
      "y": 10.50989818572998
    },
    "xplEKlw": {
      "x": 3.6446807384490967,
      "y": -11.277491569519043
    },
    "6lMpbMp": {
      "x": 0.20087161660194397,
      "y": 10.81063461303711
    },
    "zkdNpa1": {
      "x": 4.179797172546387,
      "y": -11.49303150177002
    },
    "g8kpAAv": {
      "x": 3.1827690601348877,
      "y": -11.526236534118652
    },
    "V3rN6LV": {
      "x": 7.834586143493652,
      "y": -3.3742380142211914
    },
    "waKPxV5": {
      "x": 8.149873733520508,
      "y": -3.0592079162597656
    },
    "R1pNW3j": {
      "x": 2.89843487739563,
      "y": -12.034477233886719
    }
  },
  "pca_coords": {
    "mjaKM65": {
      "x": 3.1288974941190406,
      "y": 0.21924089356062726
    },
    "xplEKlw": {
      "x": -1.390452882564641,
      "y": -1.5362872136285648
    },
    "6lMpbMp": {
      "x": 1.797984361005107,
      "y": 1.0665180809599772
    },
    "zkdNpa1": {
      "x": 0.5407027944965483,
      "y": -1.2759647665478535
    },
    "g8kpAAv": {
      "x": -0.38553302508582643,
      "y": -1.1280067604588868
    },
    "V3rN6LV": {
      "x": -1.798561372847406,
      "y": 1.61955009225447
    },
    "waKPxV5": {
      "x": -1.292015010676321,
      "y": 1.374512604274111
    },
    "R1pNW3j": {
      "x": -0.6010223584465024,
      "y": -0.3395629304138795
    }
  },
  "alpha_metadata": {
    "xplEKlw": {
      "is_sharpe": 1.97,
      "is_fitness": 1.96,
      "min_correlation": -0.14926143070345668,
      "max_correlation": 0.3760518258169865,
      "avg_correlation": 0.13398208374997017,
      "median_correlation": 0.13707555410297845,
      "last_updated": "2025-08-23T20:06:28.055836"
    },
    "R1pNW3j": {
      "is_sharpe": 2.22,
      "is_fitness": 2.19,
      "min_correlation": -0.16586740124743252,
      "max_correlation": 0.4703605930419785,
      "avg_correlation": 0.22944290787543314,
      "median_correlation": 0.25982699443094737,
      "last_updated": "2025-08-23T20:06:28.055836"
    },
    "mjaKM65": {
      "is_sharpe": 3.57,
      "is_fitness": 2.55,
      "min_correlation": 0.1443896287786463,
      "max_correlation": 0.6228695063348986,
      "avg_correlation": 0.2753540580709394,
      "median_correlation": 0.22042393281865905,
      "last_updated": "2025-08-23T20:06:28.055836"
    },
    "jJR13LO": {
      "is_sharpe": 4.59,
      "is_fitness": 6.82,
      "min_correlation": 0.2033705488894228,
      "max_correlation": 0.49913352388499993,
      "avg_correlation": 0.37056958781105503,
      "median_correlation": 0.40214131250498847,
      "last_updated": "2025-08-23T20:06:28.055836"
    },
    "6lMpbMp": {
      "is_sharpe": 2.83,
      "is_fitness": 3.7,
      "min_correlation": 0.23744722985822592,
      "max_correlation": 0.6228695063348986,
      "avg_correlation": 0.37324997364828405,
      "median_correlation": 0.3531620606200356,
      "last_updated": "2025-08-23T20:06:28.055836"
    },
    "g8kpAAv": {
      "is_sharpe": 1.93,
      "is_fitness": 1.97,
      "min_correlation": 0.02421254272548174,
      "max_correlation": 0.6181159683021852,
      "avg_correlation": 0.37513375400354265,
      "median_correlation": 0.4257779171395505,
      "last_updated": "2025-08-23T20:06:28.055836"
    },
    "V3rN6LV": {
      "is_sharpe": 1.87,
      "is_fitness": 1.95,
      "min_correlation": -0.03191878725372342,
      "max_correlation": 0.6805365269316851,
      "avg_correlation": 0.38085195348034706,
      "median_correlation": 0.4166001315964488,
      "last_updated": "2025-08-23T20:06:28.055836"
    },
    "zkdNpa1": {
      "is_sharpe": 2.69,
      "is_fitness": 3.06,
      "min_correlation": 0.11791524350631293,
      "max_correlation": 0.5650447980328599,
      "avg_correlation": 0.38545299613056105,
      "median_correlation": 0.4183145631885241,
      "last_updated": "2025-08-23T20:06:28.055836"
    },
    "waKPxV5": {
      "is_sharpe": 2.08,
      "is_fitness": 2.15,
      "min_correlation": 0.07467790957546144,
      "max_correlation": 0.6805365269316851,
      "avg_correlation": 0.3954149442717079,
      "median_correlation": 0.4039346931323634,
      "last_updated": "2025-08-23T20:06:28.055836"
    }
  }
}